Event Title,Date,Time,Venue,Price,Category
Namma Bengaluru Startups Meetup,2025‑07‑29,6:00 PM,Meetup Bengaluru,Free,Startup Networking
Startup Pitch Night by CEDAT,2025‑07‑31,6:00 PM,Meetup Bengaluru,Free,Pitch Networking
HSRmeetups' Mid‑Week Gaming Recharge,2025‑07‑30,8:00 PM,HSR Layout Bengaluru,Free,Gaming Meetup
Cubbon Walks Guided Nature Tour,2025‑08‑02,7:30 AM,Cubbon Park,₹200/adult; ₹50 (10‑17); free (<10),Nature Walk
Cubbon Walks Guided Nature Tour,2025‑08‑03,7:30 AM,Cubbon Park,₹200/adult; ₹50 (10‑17); free (<10),Nature Walk
Build Smarter with GitHub Copilot & MongoDB Workshop,2025‑08‑02,9:30 AM,Bengaluru,Free,Tech Meetup
Real‑Time Analytics at Scale | Apache Pinot Meetup,2025‑08‑02,10:30 AM,Meesho Bengaluru,Free,Tech Meetup
How Is Glance AI Shaping Future of Content?,2025‑08‑02,12:00 PM,Bengaluru,Free,Tech Meetup
Startup Networking Open House | Whitefield,2025‑08‑02,5:30 PM,Whitefield Bengaluru,Free,Networking
Weekend Yoga in Cubbon Park,2025‑08‑02,8:00 AM,Cubbon Park Bengaluru,Free,Wellness/Fitness
SASO Opera Series – Carmen etc.,2025‑08‑02,5:00 PM,"Christ University, Bengaluru",Ticketed,Cultural/Music
SASO Opera Series – Roméo etc.,2025‑08‑03,6:00 PM,Bangalore International Centre,Ticketed,Cultural/Music
HSRmeetups' Boardgame Sunday,2025‑08‑03,5:00 PM,HSR Layout Bengaluru,Free,Boardgames Meetup
SongGully Music Jams – SingAlong & Unwind,2025‑08‑03,7:00 PM,Bengaluru (Meetup),Free (pass fee),Music/Social
Dance Workshops & Socials,2025‑08‑02 & 03,Various,Multiple venues,Varies,Dance/Social
